INSERT INTO CUSTOMER VALUES ('111111111','Joe Smith','Maple Street','Sacramento','California','95747','9195550000');

INSERT INTO POLICY VALUES (1,999999999999999.25,'Full Coverage');

INSERT INTO CAR VALUES ('111111111111111','Mustang',1965,1);

INSERT INTO OWNS VALUES ('111111111','111111111111111');

INSERT INTO ACCIDENT VALUES ('1','Joe Smith','2000-05-14',999999999999990.25,'Totaled a ferrari f40 made of solid gold.');

INSERT INTO HAD VALUES ('111111111111111',1);



INSERT INTO CUSTOMER VALUES ('222222222','Jessica Smith','1st street','San Diego','California','86789','5555551111');

INSERT INTO POLICY VALUES (2,1000000.00,'Deluxe Coverage');

INSERT INTO CAR VALUES ('555555555555555','Telsa',2013,2);

INSERT INTO OWNS VALUES ('222222222','555555555555555');

INSERT INTO ACCIDENT VALUES ('4','Jessica Smith','2009-12-25',250000.50,'Tesla spontaneously combusted');

INSERT INTO HAD VALUES ('555555555555555',4);



INSERT INTO CUSTOMER VALUES ('333333333','Phil Arnold','Oak Street','Roseville','California','95747','7777777777');
INSERT INTO CUSTOMER VALUES ('444444444','Mary Arnold','Sunrise Blvd.','Sunrise','California','95848','8888888888');
INSERT INTO CUSTOMER VALUES ('666666666','Steve McDonald','Sunrise Blvd.','Sunrise','California','95848','6666666666');

INSERT INTO POLICY VALUES (12,10.00,"Cheap Coverage");

INSERT INTO CAR VALUES ('333333333333333','Honda Accord',1999,12);
INSERT INTO CAR VALUES ('444444444444444','Honda Accord',1992,12);
INSERT INTO CAR VALUES ('666666666666666','Honda Accord',2013,12);

INSERT INTO OWNS VALUES ('333333333','333333333333333');
INSERT INTO OWNS VALUES ('444444444','444444444444444');
INSERT INTO OWNS VALUES ('666666666','666666666666666');

INSERT INTO ACCIDENT VALUES ('2','Phil Arnold','2004-11-24',300.25,'Ran over a fruit stand');
INSERT INTO ACCIDENT VALUES ('3','Mary Arnold','2003-10-25',100.25,'Struck by a bolt of lightning');
INSERT INTO ACCIDENT VALUES ('5','Steve McDonald','2003-10-26',500.25,'Crashed into a lake');

INSERT INTO HAD VALUES ('333333333333333',2);
INSERT INTO HAD VALUES ('444444444444444',3);
INSERT INTO HAD VALUES ('666666666666666',5);


